{
  "num_fewshot_examples": 3,
  "iteration": 9,
  "random_seed": 9,
  "fewshot_indices": [
    34,
    14,
    6
  ],
  "num_test_records": 57,
  "field_accuracies": {
    "Inventory": 54.385964912280706,
    "Site": 98.24561403508771,
    "Year": 96.49122807017544,
    "US": 96.49122807017544,
    "Area": 63.1578947368421,
    "Cut": 98.24561403508771,
    "Sector": 94.73684210526315,
    "Notes": 94.73684210526315,
    "Phase": 85.96491228070175
  },
  "field_precision": {
    "Inventory": 57.407407407407405,
    "Site": 98.24561403508771,
    "Year": 96.49122807017544,
    "US": 96.49122807017544,
    "Area": 63.1578947368421,
    "Cut": 0.0,
    "Sector": 0.0,
    "Notes": 0.0,
    "Phase": 0.0
  },
  "field_recall": {
    "Inventory": 56.36363636363636,
    "Site": 98.24561403508771,
    "Year": 96.49122807017544,
    "US": 98.21428571428571,
    "Area": 65.45454545454545,
    "Cut": 0.0,
    "Sector": 0.0,
    "Notes": 0.0,
    "Phase": 0.0
  },
  "field_f1": {
    "Inventory": 56.88073394495412,
    "Site": 98.24561403508773,
    "Year": 96.49122807017544,
    "US": 97.34513274336283,
    "Area": 64.28571428571429,
    "Cut": 0.0,
    "Sector": 0.0,
    "Notes": 0.0,
    "Phase": 0.0
  },
  "average_accuracy": 86.93957115009746,
  "average_precision": 45.754819146632,
  "average_recall": 46.08547884863674,
  "average_f1": 45.91649145325493,
  "exact_match_accuracy": 45.614035087719294,
  "exact_matches": 26,
  "partial_match_score": 81.0233918128655,
  "partial_match_std": 20.178913168051288,
  "total_errors": 67
}