{
  "num_fewshot_examples": 1,
  "iteration": 9,
  "random_seed": 9,
  "fewshot_indices": [
    34
  ],
  "num_test_records": 59,
  "field_accuracies": {
    "Inventory": 38.983050847457626,
    "Site": 98.30508474576271,
    "Year": 94.91525423728814,
    "US": 50.847457627118644,
    "Area": 16.94915254237288,
    "Cut": 84.7457627118644,
    "Sector": 91.52542372881356,
    "Notes": 98.30508474576271,
    "Phase": 86.4406779661017
  },
  "field_precision": {
    "Inventory": 39.6551724137931,
    "Site": 98.30508474576271,
    "Year": 94.91525423728814,
    "US": 50.847457627118644,
    "Area": 17.24137931034483,
    "Cut": 0.0,
    "Sector": 0.0,
    "Notes": 0.0,
    "Phase": 0.0
  },
  "field_recall": {
    "Inventory": 40.35087719298245,
    "Site": 98.30508474576271,
    "Year": 94.91525423728814,
    "US": 51.724137931034484,
    "Area": 17.543859649122805,
    "Cut": 0.0,
    "Sector": 0.0,
    "Notes": 0.0,
    "Phase": 0.0
  },
  "field_f1": {
    "Inventory": 40.0,
    "Site": 98.30508474576271,
    "Year": 94.91525423728812,
    "US": 51.282051282051285,
    "Area": 17.391304347826086,
    "Cut": 0.0,
    "Sector": 0.0,
    "Notes": 0.0,
    "Phase": 0.0
  },
  "average_accuracy": 73.44632768361582,
  "average_precision": 33.440483148256384,
  "average_recall": 33.64880152846562,
  "average_f1": 33.54374384588091,
  "exact_match_accuracy": 3.389830508474576,
  "exact_matches": 2,
  "partial_match_score": 59.57627118644068,
  "partial_match_std": 18.787625701631708,
  "total_errors": 141
}