{
  "num_fewshot_examples": 7,
  "iteration": 9,
  "random_seed": 9,
  "fewshot_indices": [
    34,
    14,
    6,
    7,
    36,
    2,
    42
  ],
  "num_test_records": 53,
  "field_accuracies": {
    "Inventory": 50.943396226415096,
    "Site": 98.11320754716981,
    "Year": 96.22641509433963,
    "US": 94.33962264150944,
    "Area": 62.264150943396224,
    "Cut": 100.0,
    "Sector": 92.45283018867924,
    "Notes": 98.11320754716981,
    "Phase": 90.56603773584906
  },
  "field_precision": {
    "Inventory": 54.0,
    "Site": 98.11320754716981,
    "Year": 96.22641509433963,
    "US": 94.33962264150944,
    "Area": 62.745098039215684,
    "Cut": 0.0,
    "Sector": 0.0,
    "Notes": 50.0,
    "Phase": 100.0
  },
  "field_recall": {
    "Inventory": 52.94117647058824,
    "Site": 98.11320754716981,
    "Year": 96.22641509433963,
    "US": 96.15384615384616,
    "Area": 62.745098039215684,
    "Cut": 0.0,
    "Sector": 0.0,
    "Notes": 100.0,
    "Phase": 16.666666666666664
  },
  "field_f1": {
    "Inventory": 53.46534653465347,
    "Site": 98.11320754716981,
    "Year": 96.22641509433961,
    "US": 95.23809523809526,
    "Area": 62.745098039215684,
    "Cut": 0.0,
    "Sector": 0.0,
    "Notes": 66.66666666666667,
    "Phase": 28.57142857142857
  },
  "average_accuracy": 87.0020964360587,
  "average_precision": 61.71381592469273,
  "average_recall": 58.09404555242512,
  "average_f1": 55.66958418795212,
  "exact_match_accuracy": 43.39622641509434,
  "exact_matches": 23,
  "partial_match_score": 80.2201257861635,
  "partial_match_std": 20.69048570542307,
  "total_errors": 62
}