{
  "num_fewshot_examples": 7,
  "iteration": 3,
  "random_seed": 3,
  "fewshot_indices": [
    47,
    18,
    56,
    13,
    37,
    23,
    6
  ],
  "num_test_records": 53,
  "field_accuracies": {
    "Inventory": 79.24528301886792,
    "Site": 98.11320754716981,
    "Year": 96.22641509433963,
    "US": 98.11320754716981,
    "Area": 84.90566037735849,
    "Cut": 98.11320754716981,
    "Sector": 100.0,
    "Notes": 100.0,
    "Phase": 86.79245283018868
  },
  "field_precision": {
    "Inventory": 79.24528301886792,
    "Site": 98.11320754716981,
    "Year": 96.22641509433963,
    "US": 98.11320754716981,
    "Area": 84.61538461538461,
    "Cut": 0.0,
    "Sector": 0.0,
    "Notes": 100.0,
    "Phase": 0.0
  },
  "field_recall": {
    "Inventory": 82.35294117647058,
    "Site": 98.11320754716981,
    "Year": 96.22641509433963,
    "US": 98.11320754716981,
    "Area": 86.27450980392157,
    "Cut": 0.0,
    "Sector": 0.0,
    "Notes": 100.0,
    "Phase": 0.0
  },
  "field_f1": {
    "Inventory": 80.76923076923076,
    "Site": 98.11320754716981,
    "Year": 96.22641509433961,
    "US": 98.11320754716981,
    "Area": 85.4368932038835,
    "Cut": 0.0,
    "Sector": 0.0,
    "Notes": 100.0,
    "Phase": 0.0
  },
  "average_accuracy": 93.50104821802935,
  "average_precision": 61.812610869214645,
  "average_recall": 62.34225346323016,
  "average_f1": 62.07321712908817,
  "exact_match_accuracy": 66.0377358490566,
  "exact_matches": 35,
  "partial_match_score": 90.34591194968553,
  "partial_match_std": 14.301919981375674,
  "total_errors": 31
}