{
  "num_fewshot_examples": 7,
  "iteration": 7,
  "random_seed": 7,
  "fewshot_indices": [
    31,
    20,
    59,
    17,
    10,
    44,
    34
  ],
  "num_test_records": 53,
  "field_accuracies": {
    "Inventory": 81.13207547169812,
    "Site": 98.11320754716981,
    "Year": 96.22641509433963,
    "US": 96.22641509433963,
    "Area": 81.13207547169812,
    "Cut": 100.0,
    "Sector": 100.0,
    "Notes": 100.0,
    "Phase": 86.79245283018868
  },
  "field_precision": {
    "Inventory": 81.13207547169812,
    "Site": 98.11320754716981,
    "Year": 96.22641509433963,
    "US": 96.22641509433963,
    "Area": 82.6923076923077,
    "Cut": 0.0,
    "Sector": 0.0,
    "Notes": 100.0,
    "Phase": 0.0
  },
  "field_recall": {
    "Inventory": 84.31372549019608,
    "Site": 98.11320754716981,
    "Year": 96.22641509433963,
    "US": 98.07692307692307,
    "Area": 84.31372549019608,
    "Cut": 0.0,
    "Sector": 0.0,
    "Notes": 100.0,
    "Phase": 0.0
  },
  "field_f1": {
    "Inventory": 82.6923076923077,
    "Site": 98.11320754716981,
    "Year": 96.22641509433961,
    "US": 97.14285714285715,
    "Area": 83.49514563106797,
    "Cut": 0.0,
    "Sector": 0.0,
    "Notes": 100.0,
    "Phase": 0.0
  },
  "average_accuracy": 93.29140461215934,
  "average_precision": 61.598935655539435,
  "average_recall": 62.33822185542496,
  "average_f1": 61.963325900860255,
  "exact_match_accuracy": 69.81132075471697,
  "exact_matches": 37,
  "partial_match_score": 90.34591194968553,
  "partial_match_std": 16.19896757123115,
  "total_errors": 32
}