{
  "num_fewshot_examples": 5,
  "iteration": 1,
  "random_seed": 1,
  "fewshot_indices": [
    39,
    41,
    2,
    48,
    50
  ],
  "num_test_records": 55,
  "field_accuracies": {
    "Inventory": 76.36363636363637,
    "Site": 98.18181818181819,
    "Year": 90.9090909090909,
    "US": 96.36363636363636,
    "Area": 76.36363636363637,
    "Cut": 98.18181818181819,
    "Sector": 96.36363636363636,
    "Notes": 96.36363636363636,
    "Phase": 90.9090909090909
  },
  "field_precision": {
    "Inventory": 76.36363636363637,
    "Site": 98.18181818181819,
    "Year": 90.9090909090909,
    "US": 96.36363636363636,
    "Area": 78.84615384615384,
    "Cut": 0.0,
    "Sector": 0.0,
    "Notes": 33.33333333333333,
    "Phase": 66.66666666666666
  },
  "field_recall": {
    "Inventory": 79.24528301886792,
    "Site": 98.18181818181819,
    "Year": 90.9090909090909,
    "US": 98.14814814814815,
    "Area": 77.35849056603774,
    "Cut": 0.0,
    "Sector": 0.0,
    "Notes": 100.0,
    "Phase": 33.33333333333333
  },
  "field_f1": {
    "Inventory": 77.77777777777777,
    "Site": 98.18181818181819,
    "Year": 90.9090909090909,
    "US": 97.24770642201834,
    "Area": 78.0952380952381,
    "Cut": 0.0,
    "Sector": 0.0,
    "Notes": 50.0,
    "Phase": 44.44444444444444
  },
  "average_accuracy": 91.1111111111111,
  "average_precision": 60.07381507381508,
  "average_recall": 64.13068490636626,
  "average_f1": 59.628452870043084,
  "exact_match_accuracy": 60.0,
  "exact_matches": 33,
  "partial_match_score": 87.54545454545455,
  "partial_match_std": 16.747846372794378,
  "total_errors": 44
}